group,scenario,survival_rel_SE,true_delta_percent,q2_5_percent,q97_5_percent,half_width_pp
scenario,exact_dose_reference,0.01,-2,-3.01,0.37,1.69
scenario,baseline,0.01,-2,-6.32,3.63,4.97
scenario,no_common_dose,0.01,-2,-6.28,3.61,4.94
scenario,no_relative_dose,0.01,-2,-3.02,0.37,1.69
scenario,no_oxygen,0.01,-2,-6.53,2.97,4.75
scenario,no_survival,0.01,-2,-6.33,3.42,4.88
scenario,improved_dose,0.01,-2,-3.81,1.21,2.51
scenario,improved_all,0.01,-2,-3.89,0.73,2.31
scenario,all_zero,0.01,-2,-2.00,-2.00,0.00
survival_precision,baseline,0.01,-2,,,4.97
survival_precision,baseline,0.03,-2,,,5.70
survival_precision,baseline,0.05,-2,,,7.00
truth_sensitivity,baseline,0.01,-2,,,4.97
truth_sensitivity,baseline,0.01,-5,,,4.87
truth_sensitivity,baseline,0.01,-10,,,4.75
