quantity,reference,q2_5,median,q97_5,mean,sd
alpha1,0.0068537506851079535,7.691872110592178e-33,0.022675593160542427,0.2416123879041851,0.06849817108660022,0.0815335838111957
alpha2,0.16654864546559273,2.433524426828126e-34,0.06730170974216715,0.24640732979025481,0.08518906338294366,0.0847426471736975
beta,0.9052456702212002,0.3700242069413182,1.1912500184399346,9.999999999999998,4.676360832701011,4.541544432341915
kD,0.021875756396879564,0.0009024935747260236,0.015615880677977234,0.1108707200709784,0.030759404824202537,0.03534695552028605
GammaC,0.130429613457374,0.020174292608887597,0.1486139627461885,0.42392134561289413,0.1692759147127091,0.10099760485642377
GammaF,0.10250707377115983,6.354512510242041e-24,0.11975541362495054,0.48253764207232475,0.15059600103645635,0.12845423347545018
qFLASH,0.9917878953596319,0.8318004266175693,0.9843524335135317,1.0713175846071692,0.9767001588547953,0.05877221372554899
R_Lambda,1.2947245944986796,1.1684449271248905,1.3155518304264215,1.6308719842875792,1.3392167601690053,0.11567644852573741
Delta_percent,-2.1835564741461977,-17.962540341838647,-2.9168891122643146,5.660168371970806,-3.6716052118484823,5.79649030974508
