omitted,fixed_value,SSE,alpha1,alpha2,beta,kD,GammaC,GammaF,qFLASH
norm-CONV,0.0,0.37886223953900194,0.07035219141053468,0.09558594754102263,0.9269871877656407,0.0210611144882968,0.0,0.14273781277643655,0.9777506949953713
norm-CONV,0.05,0.37886223953900194,0.07035219141053468,0.09558594754102263,0.9269871877656407,0.0210611144882968,0.05,0.14273781277643655,0.9777506949953713
norm-CONV,0.1,0.37886223953900194,0.07035219141053468,0.09558594754102263,0.9269871877656407,0.0210611144882968,0.1,0.14273781277643655,0.9777506949953713
norm-CONV,0.15000000000000002,0.37886223953900194,0.07035219141053468,0.09558594754102263,0.9269871877656407,0.0210611144882968,0.15000000000000002,0.14273781277643655,0.9777506949953713
norm-CONV,0.2,0.37886223953900194,0.07035219141053468,0.09558594754102263,0.9269871877656407,0.0210611144882968,0.2,0.14273781277643655,0.9777506949953713
norm-CONV,0.25,0.37886223953900194,0.07035219141053468,0.09558594754102263,0.9269871877656407,0.0210611144882968,0.25,0.14273781277643655,0.9777506949953713
norm-CONV,0.30000000000000004,0.37886223953900194,0.07035219141053468,0.09558594754102263,0.9269871877656407,0.0210611144882968,0.30000000000000004,0.14273781277643655,0.9777506949953713
norm-CONV,0.35000000000000003,0.37886223953900194,0.07035219141053468,0.09558594754102263,0.9269871877656407,0.0210611144882968,0.35000000000000003,0.14273781277643655,0.9777506949953713
norm-CONV,0.4,0.37886223953900194,0.07035219141053468,0.09558594754102263,0.9269871877656407,0.0210611144882968,0.4,0.14273781277643655,0.9777506949953713
norm-CONV,0.45,0.37886223953900194,0.07035219141053468,0.09558594754102263,0.9269871877656407,0.0210611144882968,0.45,0.14273781277643655,0.9777506949953713
norm-CONV,0.5,0.37886223953900194,0.07035219141053468,0.09558594754102263,0.9269871877656407,0.0210611144882968,0.5,0.14273781277643655,0.9777506949953713
norm-CONV,0.55,0.37886223953900194,0.07035219141053468,0.09558594754102263,0.9269871877656407,0.0210611144882968,0.55,0.14273781277643655,0.9777506949953713
norm-CONV,0.6000000000000001,0.37886223953900194,0.07035219141053468,0.09558594754102263,0.9269871877656407,0.0210611144882968,0.6000000000000001,0.14273781277643655,0.9777506949953713
norm-CONV,0.65,0.37886223953900194,0.07035219141053468,0.09558594754102263,0.9269871877656407,0.0210611144882968,0.65,0.14273781277643655,0.9777506949953713
norm-CONV,0.7000000000000001,0.37886223953900194,0.07035219141053468,0.09558594754102263,0.9269871877656407,0.0210611144882968,0.7000000000000001,0.14273781277643655,0.9777506949953713
norm-CONV,0.75,0.37886223953900194,0.07035219141053468,0.09558594754102263,0.9269871877656407,0.0210611144882968,0.75,0.14273781277643655,0.9777506949953713
norm-CONV,0.8,0.37886223953900194,0.07035219141053468,0.09558594754102263,0.9269871877656407,0.0210611144882968,0.8,0.14273781277643655,0.9777506949953713
norm-CONV,0.8500000000000001,0.37886223953900194,0.07035219141053468,0.09558594754102263,0.9269871877656407,0.0210611144882968,0.8500000000000001,0.14273781277643655,0.9777506949953713
norm-CONV,0.9,0.37886223953900194,0.07035219141053468,0.09558594754102263,0.9269871877656407,0.0210611144882968,0.9,0.14273781277643655,0.9777506949953713
norm-CONV,0.9500000000000001,0.37886223953900194,0.07035219141053468,0.09558594754102263,0.9269871877656407,0.0210611144882968,0.9500000000000001,0.14273781277643655,0.9777506949953713
norm-CONV,1.0,0.37886223953900194,0.07035219141053468,0.09558594754102263,0.9269871877656407,0.0210611144882968,1.0,0.14273781277643655,0.9777506949953713
norm-CONV,1.05,0.37886223953900194,0.07035219141053468,0.09558594754102263,0.9269871877656407,0.0210611144882968,1.05,0.14273781277643655,0.9777506949953713
norm-CONV,1.1,0.37886223953900194,0.07035219141053468,0.09558594754102263,0.9269871877656407,0.0210611144882968,1.1,0.14273781277643655,0.9777506949953713
norm-CONV,1.1500000000000001,0.37886223953900194,0.07035219141053468,0.09558594754102263,0.9269871877656407,0.0210611144882968,1.1500000000000001,0.14273781277643655,0.9777506949953713
norm-CONV,1.2000000000000002,0.37886223953900194,0.07035219141053468,0.09558594754102263,0.9269871877656407,0.0210611144882968,1.2000000000000002,0.14273781277643655,0.9777506949953713
norm-CONV,1.25,0.37886223953900194,0.07035219141053468,0.09558594754102263,0.9269871877656407,0.0210611144882968,1.25,0.14273781277643655,0.9777506949953713
norm-CONV,1.3,0.37886223953900194,0.07035219141053468,0.09558594754102263,0.9269871877656407,0.0210611144882968,1.3,0.14273781277643655,0.9777506949953713
norm-CONV,1.35,0.37886223953900194,0.07035219141053468,0.09558594754102263,0.9269871877656407,0.0210611144882968,1.35,0.14273781277643655,0.9777506949953713
norm-CONV,1.4000000000000001,0.37886223953900194,0.07035219141053468,0.09558594754102263,0.9269871877656407,0.0210611144882968,1.4000000000000001,0.14273781277643655,0.9777506949953713
norm-CONV,1.4500000000000002,0.37886223953900194,0.07035219141053468,0.09558594754102263,0.9269871877656407,0.0210611144882968,1.4500000000000002,0.14273781277643655,0.9777506949953713
norm-CONV,1.5,0.37886223953900194,0.07035219141053468,0.09558594754102263,0.9269871877656407,0.0210611144882968,1.5,0.14273781277643655,0.9777506949953713
norm-FLASH,0.0,0.4565553531946161,2.8156807091953247e-21,0.18205679941751704,1.0123117630884546,0.01841004456466036,0.1305132245448087,0.0,0.991582284634974
norm-FLASH,0.05,0.4565553531946161,2.8156807091953247e-21,0.18205679941751704,1.0123117630884546,0.01841004456466036,0.1305132245448087,0.05,0.991582284634974
norm-FLASH,0.1,0.4565553531946161,2.8156807091953247e-21,0.18205679941751704,1.0123117630884546,0.01841004456466036,0.1305132245448087,0.1,0.991582284634974
norm-FLASH,0.15000000000000002,0.4565553531946161,2.8156807091953247e-21,0.18205679941751704,1.0123117630884546,0.01841004456466036,0.1305132245448087,0.15000000000000002,0.991582284634974
norm-FLASH,0.2,0.4565553531946161,2.8156807091953247e-21,0.18205679941751704,1.0123117630884546,0.01841004456466036,0.1305132245448087,0.2,0.991582284634974
norm-FLASH,0.25,0.4565553531946161,2.8156807091953247e-21,0.18205679941751704,1.0123117630884546,0.01841004456466036,0.1305132245448087,0.25,0.991582284634974
norm-FLASH,0.30000000000000004,0.4565553531946161,2.8156807091953247e-21,0.18205679941751704,1.0123117630884546,0.01841004456466036,0.1305132245448087,0.30000000000000004,0.991582284634974
norm-FLASH,0.35000000000000003,0.4565553531946161,2.8156807091953247e-21,0.18205679941751704,1.0123117630884546,0.01841004456466036,0.1305132245448087,0.35000000000000003,0.991582284634974
norm-FLASH,0.4,0.4565553531946161,2.8156807091953247e-21,0.18205679941751704,1.0123117630884546,0.01841004456466036,0.1305132245448087,0.4,0.991582284634974
norm-FLASH,0.45,0.4565553531946161,2.8156807091953247e-21,0.18205679941751704,1.0123117630884546,0.01841004456466036,0.1305132245448087,0.45,0.991582284634974
norm-FLASH,0.5,0.4565553531946161,2.8156807091953247e-21,0.18205679941751704,1.0123117630884546,0.01841004456466036,0.1305132245448087,0.5,0.991582284634974
norm-FLASH,0.55,0.4565553531946161,2.8156807091953247e-21,0.18205679941751704,1.0123117630884546,0.01841004456466036,0.1305132245448087,0.55,0.991582284634974
norm-FLASH,0.6000000000000001,0.4565553531946161,2.8156807091953247e-21,0.18205679941751704,1.0123117630884546,0.01841004456466036,0.1305132245448087,0.6000000000000001,0.991582284634974
norm-FLASH,0.65,0.4565553531946161,2.8156807091953247e-21,0.18205679941751704,1.0123117630884546,0.01841004456466036,0.1305132245448087,0.65,0.991582284634974
norm-FLASH,0.7000000000000001,0.4565553531946161,2.8156807091953247e-21,0.18205679941751704,1.0123117630884546,0.01841004456466036,0.1305132245448087,0.7000000000000001,0.991582284634974
norm-FLASH,0.75,0.4565553531946161,2.8156807091953247e-21,0.18205679941751704,1.0123117630884546,0.01841004456466036,0.1305132245448087,0.75,0.991582284634974
norm-FLASH,0.8,0.4565553531946161,2.8156807091953247e-21,0.18205679941751704,1.0123117630884546,0.01841004456466036,0.1305132245448087,0.8,0.991582284634974
norm-FLASH,0.8500000000000001,0.4565553531946161,2.8156807091953247e-21,0.18205679941751704,1.0123117630884546,0.01841004456466036,0.1305132245448087,0.8500000000000001,0.991582284634974
norm-FLASH,0.9,0.4565553531946161,2.8156807091953247e-21,0.18205679941751704,1.0123117630884546,0.01841004456466036,0.1305132245448087,0.9,0.991582284634974
norm-FLASH,0.9500000000000001,0.4565553531946161,2.8156807091953247e-21,0.18205679941751704,1.0123117630884546,0.01841004456466036,0.1305132245448087,0.9500000000000001,0.991582284634974
norm-FLASH,1.0,0.4565553531946161,2.8156807091953247e-21,0.18205679941751704,1.0123117630884546,0.01841004456466036,0.1305132245448087,1.0,0.991582284634974
norm-FLASH,1.05,0.4565553531946161,2.8156807091953247e-21,0.18205679941751704,1.0123117630884546,0.01841004456466036,0.1305132245448087,1.05,0.991582284634974
norm-FLASH,1.1,0.4565553531946161,2.8156807091953247e-21,0.18205679941751704,1.0123117630884546,0.01841004456466036,0.1305132245448087,1.1,0.991582284634974
norm-FLASH,1.1500000000000001,0.4565553531946161,2.8156807091953247e-21,0.18205679941751704,1.0123117630884546,0.01841004456466036,0.1305132245448087,1.1500000000000001,0.991582284634974
norm-FLASH,1.2000000000000002,0.4565553531946161,2.8156807091953247e-21,0.18205679941751704,1.0123117630884546,0.01841004456466036,0.1305132245448087,1.2000000000000002,0.991582284634974
norm-FLASH,1.25,0.4565553531946161,2.8156807091953247e-21,0.18205679941751704,1.0123117630884546,0.01841004456466036,0.1305132245448087,1.25,0.991582284634974
norm-FLASH,1.3,0.4565553531946161,2.8156807091953247e-21,0.18205679941751704,1.0123117630884546,0.01841004456466036,0.1305132245448087,1.3,0.991582284634974
norm-FLASH,1.35,0.4565553531946161,2.8156807091953247e-21,0.18205679941751704,1.0123117630884546,0.01841004456466036,0.1305132245448087,1.35,0.991582284634974
norm-FLASH,1.4000000000000001,0.4565553531946161,2.8156807091953247e-21,0.18205679941751704,1.0123117630884546,0.01841004456466036,0.1305132245448087,1.4000000000000001,0.991582284634974
norm-FLASH,1.4500000000000002,0.4565553531946161,2.8156807091953247e-21,0.18205679941751704,1.0123117630884546,0.01841004456466036,0.1305132245448087,1.4500000000000002,0.991582284634974
norm-FLASH,1.5,0.4565553531946161,2.8156807091953247e-21,0.18205679941751704,1.0123117630884546,0.01841004456466036,0.1305132245448087,1.5,0.991582284634974
