omitted,fixed_idx,fixed_value,SSE,alpha1,alpha2,beta,kD,GammaC,GammaF,qFLASH
norm-CONV,4,0.0,0.3788622067645825,0.07035319391252827,0.09558502925528042,0.9269914635863034,0.021060972524337463,0.0,0.14273857934463435,0.9777505035429838
norm-CONV,4,0.05,0.3788622067645825,0.07035319391252827,0.09558502925528042,0.9269914635863034,0.021060972524337463,0.05,0.14273857934463435,0.9777505035429838
norm-CONV,4,0.1,0.3788622067645825,0.07035319391252827,0.09558502925528042,0.9269914635863034,0.021060972524337463,0.1,0.14273857934463435,0.9777505035429838
norm-CONV,4,0.15000000000000002,0.3788622067645825,0.07035319391252827,0.09558502925528042,0.9269914635863034,0.021060972524337463,0.15000000000000002,0.14273857934463435,0.9777505035429838
norm-CONV,4,0.2,0.3788622067645825,0.07035319391252827,0.09558502925528042,0.9269914635863034,0.021060972524337463,0.2,0.14273857934463435,0.9777505035429838
norm-CONV,4,0.25,0.3788622067645825,0.07035319391252827,0.09558502925528042,0.9269914635863034,0.021060972524337463,0.25,0.14273857934463435,0.9777505035429838
norm-CONV,4,0.30000000000000004,0.3788622067645825,0.07035319391252827,0.09558502925528042,0.9269914635863034,0.021060972524337463,0.30000000000000004,0.14273857934463435,0.9777505035429838
norm-CONV,4,0.35000000000000003,0.3788622067645825,0.07035319391252827,0.09558502925528042,0.9269914635863034,0.021060972524337463,0.35000000000000003,0.14273857934463435,0.9777505035429838
norm-CONV,4,0.4,0.3788622067645825,0.07035319391252827,0.09558502925528042,0.9269914635863034,0.021060972524337463,0.4,0.14273857934463435,0.9777505035429838
norm-CONV,4,0.45,0.3788622067645825,0.07035319391252827,0.09558502925528042,0.9269914635863034,0.021060972524337463,0.45,0.14273857934463435,0.9777505035429838
norm-CONV,4,0.5,0.3788622067645825,0.07035319391252827,0.09558502925528042,0.9269914635863034,0.021060972524337463,0.5,0.14273857934463435,0.9777505035429838
norm-CONV,4,0.55,0.3788622067645825,0.07035319391252827,0.09558502925528042,0.9269914635863034,0.021060972524337463,0.55,0.14273857934463435,0.9777505035429838
norm-CONV,4,0.6000000000000001,0.3788622067645825,0.07035319391252827,0.09558502925528042,0.9269914635863034,0.021060972524337463,0.6000000000000001,0.14273857934463435,0.9777505035429838
norm-CONV,4,0.65,0.3788622067645825,0.07035319391252827,0.09558502925528042,0.9269914635863034,0.021060972524337463,0.65,0.14273857934463435,0.9777505035429838
norm-CONV,4,0.7000000000000001,0.3788622067645825,0.07035319391252827,0.09558502925528042,0.9269914635863034,0.021060972524337463,0.7000000000000001,0.14273857934463435,0.9777505035429838
norm-CONV,4,0.75,0.3788622067645825,0.07035319391252827,0.09558502925528042,0.9269914635863034,0.021060972524337463,0.75,0.14273857934463435,0.9777505035429838
norm-CONV,4,0.8,0.3788622067645825,0.07035319391252827,0.09558502925528042,0.9269914635863034,0.021060972524337463,0.8,0.14273857934463435,0.9777505035429838
norm-CONV,4,0.8500000000000001,0.3788622067645825,0.07035319391252827,0.09558502925528042,0.9269914635863034,0.021060972524337463,0.8500000000000001,0.14273857934463435,0.9777505035429838
norm-CONV,4,0.9,0.3788622067645825,0.07035319391252827,0.09558502925528042,0.9269914635863034,0.021060972524337463,0.9,0.14273857934463435,0.9777505035429838
norm-CONV,4,0.9500000000000001,0.3788622067645825,0.07035319391252827,0.09558502925528042,0.9269914635863034,0.021060972524337463,0.9500000000000001,0.14273857934463435,0.9777505035429838
norm-CONV,4,1.0,0.3788622067645825,0.07035319391252827,0.09558502925528042,0.9269914635863034,0.021060972524337463,1.0,0.14273857934463435,0.9777505035429838
norm-CONV,4,1.05,0.3788622067645825,0.07035319391252827,0.09558502925528042,0.9269914635863034,0.021060972524337463,1.05,0.14273857934463435,0.9777505035429838
norm-CONV,4,1.1,0.3788622067645825,0.07035319391252827,0.09558502925528042,0.9269914635863034,0.021060972524337463,1.1,0.14273857934463435,0.9777505035429838
norm-CONV,4,1.1500000000000001,0.3788622067645825,0.07035319391252827,0.09558502925528042,0.9269914635863034,0.021060972524337463,1.1500000000000001,0.14273857934463435,0.9777505035429838
norm-CONV,4,1.2000000000000002,0.3788622067645825,0.07035319391252827,0.09558502925528042,0.9269914635863034,0.021060972524337463,1.2000000000000002,0.14273857934463435,0.9777505035429838
norm-CONV,4,1.25,0.3788622067645825,0.07035319391252827,0.09558502925528042,0.9269914635863034,0.021060972524337463,1.25,0.14273857934463435,0.9777505035429838
norm-CONV,4,1.3,0.3788622067645825,0.07035319391252827,0.09558502925528042,0.9269914635863034,0.021060972524337463,1.3,0.14273857934463435,0.9777505035429838
norm-CONV,4,1.35,0.3788622067645825,0.07035319391252827,0.09558502925528042,0.9269914635863034,0.021060972524337463,1.35,0.14273857934463435,0.9777505035429838
norm-CONV,4,1.4000000000000001,0.3788622067645825,0.07035319391252827,0.09558502925528042,0.9269914635863034,0.021060972524337463,1.4000000000000001,0.14273857934463435,0.9777505035429838
norm-CONV,4,1.4500000000000002,0.3788622067645825,0.07035319391252827,0.09558502925528042,0.9269914635863034,0.021060972524337463,1.4500000000000002,0.14273857934463435,0.9777505035429838
norm-CONV,4,1.5,0.3788622067645825,0.07035319391252827,0.09558502925528042,0.9269914635863034,0.021060972524337463,1.5,0.14273857934463435,0.9777505035429838
norm-FLASH,5,0.0,0.4565555353506078,8.803812095895838e-14,0.1820569691475163,1.012318780950862,0.018409877566208963,0.13051337421301637,0.0,0.9915823497344004
norm-FLASH,5,0.05,0.4565555353506078,8.803812095895838e-14,0.1820569691475163,1.012318780950862,0.018409877566208963,0.13051337421301637,0.05,0.9915823497344004
norm-FLASH,5,0.1,0.4565555353506078,8.803812095895838e-14,0.1820569691475163,1.012318780950862,0.018409877566208963,0.13051337421301637,0.1,0.9915823497344004
norm-FLASH,5,0.15000000000000002,0.4565555353506078,8.803812095895838e-14,0.1820569691475163,1.012318780950862,0.018409877566208963,0.13051337421301637,0.15000000000000002,0.9915823497344004
norm-FLASH,5,0.2,0.4565555353506078,8.803812095895838e-14,0.1820569691475163,1.012318780950862,0.018409877566208963,0.13051337421301637,0.2,0.9915823497344004
norm-FLASH,5,0.25,0.4565555353506078,8.803812095895838e-14,0.1820569691475163,1.012318780950862,0.018409877566208963,0.13051337421301637,0.25,0.9915823497344004
norm-FLASH,5,0.30000000000000004,0.4565555353506078,8.803812095895838e-14,0.1820569691475163,1.012318780950862,0.018409877566208963,0.13051337421301637,0.30000000000000004,0.9915823497344004
norm-FLASH,5,0.35000000000000003,0.4565555353506078,8.803812095895838e-14,0.1820569691475163,1.012318780950862,0.018409877566208963,0.13051337421301637,0.35000000000000003,0.9915823497344004
norm-FLASH,5,0.4,0.4565555353506078,8.803812095895838e-14,0.1820569691475163,1.012318780950862,0.018409877566208963,0.13051337421301637,0.4,0.9915823497344004
norm-FLASH,5,0.45,0.4565555353506078,8.803812095895838e-14,0.1820569691475163,1.012318780950862,0.018409877566208963,0.13051337421301637,0.45,0.9915823497344004
norm-FLASH,5,0.5,0.4565555353506078,8.803812095895838e-14,0.1820569691475163,1.012318780950862,0.018409877566208963,0.13051337421301637,0.5,0.9915823497344004
norm-FLASH,5,0.55,0.4565555353506078,8.803812095895838e-14,0.1820569691475163,1.012318780950862,0.018409877566208963,0.13051337421301637,0.55,0.9915823497344004
norm-FLASH,5,0.6000000000000001,0.4565555353506078,8.803812095895838e-14,0.1820569691475163,1.012318780950862,0.018409877566208963,0.13051337421301637,0.6000000000000001,0.9915823497344004
norm-FLASH,5,0.65,0.4565555353506078,8.803812095895838e-14,0.1820569691475163,1.012318780950862,0.018409877566208963,0.13051337421301637,0.65,0.9915823497344004
norm-FLASH,5,0.7000000000000001,0.4565555353506078,8.803812095895838e-14,0.1820569691475163,1.012318780950862,0.018409877566208963,0.13051337421301637,0.7000000000000001,0.9915823497344004
norm-FLASH,5,0.75,0.4565555353506078,8.803812095895838e-14,0.1820569691475163,1.012318780950862,0.018409877566208963,0.13051337421301637,0.75,0.9915823497344004
norm-FLASH,5,0.8,0.4565555353506078,8.803812095895838e-14,0.1820569691475163,1.012318780950862,0.018409877566208963,0.13051337421301637,0.8,0.9915823497344004
norm-FLASH,5,0.8500000000000001,0.4565555353506078,8.803812095895838e-14,0.1820569691475163,1.012318780950862,0.018409877566208963,0.13051337421301637,0.8500000000000001,0.9915823497344004
norm-FLASH,5,0.9,0.4565555353506078,8.803812095895838e-14,0.1820569691475163,1.012318780950862,0.018409877566208963,0.13051337421301637,0.9,0.9915823497344004
norm-FLASH,5,0.9500000000000001,0.4565555353506078,8.803812095895838e-14,0.1820569691475163,1.012318780950862,0.018409877566208963,0.13051337421301637,0.9500000000000001,0.9915823497344004
norm-FLASH,5,1.0,0.4565555353506078,8.803812095895838e-14,0.1820569691475163,1.012318780950862,0.018409877566208963,0.13051337421301637,1.0,0.9915823497344004
norm-FLASH,5,1.05,0.4565555353506078,8.803812095895838e-14,0.1820569691475163,1.012318780950862,0.018409877566208963,0.13051337421301637,1.05,0.9915823497344004
norm-FLASH,5,1.1,0.4565555353506078,8.803812095895838e-14,0.1820569691475163,1.012318780950862,0.018409877566208963,0.13051337421301637,1.1,0.9915823497344004
norm-FLASH,5,1.1500000000000001,0.4565555353506078,8.803812095895838e-14,0.1820569691475163,1.012318780950862,0.018409877566208963,0.13051337421301637,1.1500000000000001,0.9915823497344004
norm-FLASH,5,1.2000000000000002,0.4565555353506078,8.803812095895838e-14,0.1820569691475163,1.012318780950862,0.018409877566208963,0.13051337421301637,1.2000000000000002,0.9915823497344004
norm-FLASH,5,1.25,0.4565555353506078,8.803812095895838e-14,0.1820569691475163,1.012318780950862,0.018409877566208963,0.13051337421301637,1.25,0.9915823497344004
norm-FLASH,5,1.3,0.4565555353506078,8.803812095895838e-14,0.1820569691475163,1.012318780950862,0.018409877566208963,0.13051337421301637,1.3,0.9915823497344004
norm-FLASH,5,1.35,0.4565555353506078,8.803812095895838e-14,0.1820569691475163,1.012318780950862,0.018409877566208963,0.13051337421301637,1.35,0.9915823497344004
norm-FLASH,5,1.4000000000000001,0.4565555353506078,8.803812095895838e-14,0.1820569691475163,1.012318780950862,0.018409877566208963,0.13051337421301637,1.4000000000000001,0.9915823497344004
norm-FLASH,5,1.4500000000000002,0.4565555353506078,8.803812095895838e-14,0.1820569691475163,1.012318780950862,0.018409877566208963,0.13051337421301637,1.4500000000000002,0.9915823497344004
norm-FLASH,5,1.5,0.4565555353506078,8.803812095895838e-14,0.1820569691475163,1.012318780950862,0.018409877566208963,0.13051337421301637,1.5,0.9915823497344004
