qFLASH,GammaF,SSE
0.3,0.0,7.665788736982189
0.3,0.03333333333333333,7.646546402625346
0.3,0.06666666666666667,7.625194843760668
0.3,0.1,7.601717680499943
0.3,0.13333333333333333,7.576097360251613
0.3,0.16666666666666666,7.548315273698394
0.3,0.2,7.518351911567098
0.3,0.23333333333333334,7.486186914247448
0.3,0.26666666666666666,7.451799438947035
0.3,0.3,7.415168179168846
0.3,0.3333333333333333,7.376271641661954
0.3,0.36666666666666664,7.335083602187039
0.3,0.4,7.272763627069688
0.3,0.43333333333333335,7.162300544649979
0.3,0.4666666666666667,6.987458693087785
0.3,0.5,6.729468011163603
0.3,0.5333333333333333,6.368918989245291
0.3,0.5666666666666667,5.666749935718769
0.3,0.6,3.722509497433293
0.3,0.6333333333333333,2.1095819308782575
0.3,0.6666666666666666,1.069771274110255
0.3,0.7,0.5523382373515828
0.3,0.7333333333333333,0.32998408889647624
0.3,0.7666666666666666,0.2541919891537149
0.3,0.8,0.255763167689562
0.35,0.0,7.636584097997789
0.35,0.03333333333333333,7.614216597648169
0.35,0.06666666666666667,7.589715220488796
0.35,0.1,7.56306189505896
0.35,0.13333333333333333,7.53423755392964
0.35,0.16666666666666666,7.503222291837126
0.35,0.2,7.46999546258497
0.35,0.23333333333333334,7.43453599240339
0.35,0.26666666666666666,7.396822450794168
0.35,0.3,7.356833340881983
0.35,0.3333333333333333,7.310337520941096
0.35,0.36666666666666664,7.22679183618068
0.35,0.4,7.087699875343834
0.35,0.43333333333333335,6.875478885558401
0.35,0.4666666666666667,6.570702619222489
0.35,0.5,6.134574604127416
0.35,0.5333333333333333,4.802225932435125
0.35,0.5666666666666667,2.872117883945314
0.35,0.6,1.5433024577107768
0.35,0.6333333333333333,0.7611509450550729
0.35,0.6666666666666666,0.42402076905987623
0.35,0.7,0.2782899298563816
0.35,0.7333333333333333,0.25342632212615124
0.35,0.7666666666666666,0.2593043372494695
0.35,0.8,0.27048868334467463
0.39999999999999997,0.0,7.602748875786005
0.39999999999999997,0.03333333333333333,7.577219130099228
0.39999999999999997,0.06666666666666667,7.5495284198556245
0.39999999999999997,0.1,7.519657272265921
0.39999999999999997,0.13333333333333333,7.487585355489306
0.39999999999999997,0.16666666666666666,7.453291854032173
0.39999999999999997,0.2,7.416755467776325
0.39999999999999997,0.23333333333333334,7.377954709580186
0.39999999999999997,0.26666666666666666,7.336868130922534
0.39999999999999997,0.3,7.276253928650202
0.39999999999999997,0.3333333333333333,7.168122378793935
0.39999999999999997,0.36666666666666664,6.996352931760072
0.39999999999999997,0.4,6.742255730569168
0.39999999999999997,0.43333333333333335,6.386384073814694
0.39999999999999997,0.4666666666666667,5.718571230192871
0.39999999999999997,0.5,3.8045627594351807
0.39999999999999997,0.5333333333333333,2.1653796433889183
0.39999999999999997,0.5666666666666667,1.1025806313168613
0.39999999999999997,0.6,0.5658150078180397
0.39999999999999997,0.6333333333333333,0.3360273929854772
0.39999999999999997,0.6666666666666666,0.2550137061203565
0.39999999999999997,0.7,0.2555242718237144
0.39999999999999997,0.7333333333333333,0.2640592998330878
0.39999999999999997,0.7666666666666666,0.27746959664961063
0.39999999999999997,0.8,0.29495493487645813
0.44999999999999996,0.0,7.564227347090004
0.44999999999999996,0.03333333333333333,7.535494771961384
0.44999999999999996,0.06666666666666667,7.504572130917163
0.44999999999999996,0.1,7.471438803828873
0.44999999999999996,0.13333333333333333,7.436073734610886
0.44999999999999996,0.16666666666666666,7.398455500534553
0.44999999999999996,0.2,7.358562601960881
0.44999999999999996,0.23333333333333334,7.3128653948502285
0.44999999999999996,0.26666666666666666,7.231313894628777
0.44999999999999996,0.3,7.094894225732465
0.44999999999999996,0.3333333333333333,6.886134011218854
0.44999999999999996,0.36666666666666664,6.58564223928944
0.44999999999999996,0.4,6.160149899365104
0.44999999999999996,0.43333333333333335,4.890323458700409
0.44999999999999996,0.4666666666666667,2.940459576888762
0.44999999999999996,0.5,1.5879137940278967
0.44999999999999996,0.5333333333333333,0.7834890110165523
0.44999999999999996,0.5666666666666667,0.4335544832412995
0.44999999999999996,0.6,0.28163955769521265
0.44999999999999996,0.6333333333333333,0.2533220217623091
0.44999999999999996,0.6666666666666666,0.25895235973457864
0.44999999999999996,0.7,0.26992950568152246
0.44999999999999996,0.7333333333333333,0.28538277073097257
0.44999999999999996,0.7666666666666666,0.3045715807950849
0.44999999999999996,0.8,0.33122967554457167
0.5,0.0,7.520958724488891
0.5,0.03333333333333333,7.488979869704404
0.5,0.06666666666666667,7.454780295799507
0.5,0.1,7.418338744904034
0.5,0.13333333333333333,7.379633727934209
0.5,0.16666666666666666,7.33864378982558
0.5,0.2,7.279660558523094
0.5,0.23333333333333334,7.173832003409681
0.5,0.26666666666666666,7.005101694245178
0.5,0.3,6.754863088768473
0.5,0.3333333333333333,6.403639140153039
0.5,0.36666666666666664,5.767214769715956
0.5,0.4,3.887810526402237
0.5,0.43333333333333335,2.222172466418247
0.5,0.4666666666666667,1.136326668158171
0.5,0.5,0.5796810712604964
0.5,0.5333333333333333,0.34232782411670015
0.5,0.5666666666666667,0.2560264206168693
0.5,0.6,0.25529592644923244
0.5,0.6333333333333333,0.26360348966580655
0.5,0.6666666666666666,0.2768236888716504
0.5,0.7,0.2941505604666496
0.5,0.7333333333333333,0.31501508738571776
0.5,0.7666666666666666,0.3581552950535589
0.5,0.8,0.44408916482118066
0.5499999999999999,0.0,7.472878189981854
0.5499999999999999,0.03333333333333333,7.437607485230296
0.5499999999999999,0.06666666666666667,7.400084520520832
0.5499999999999999,0.1,7.3602877953875305
0.5499999999999999,0.13333333333333333,7.315322269223426
0.5499999999999999,0.16666666666666666,7.235739291353462
0.5499999999999999,0.2,7.101960841451726
0.5499999999999999,0.23333333333333334,6.8966268329276215
0.5499999999999999,0.26666666666666666,6.60038604245575
0.5499999999999999,0.3,6.18446345733887
0.5499999999999999,0.3333333333333333,4.978038360794315
0.5499999999999999,0.36666666666666664,3.0100067690334193
0.5499999999999999,0.4,1.6334943110923112
0.5499999999999999,0.43333333333333335,0.806730543106446
0.5499999999999999,0.4666666666666667,0.4434018726870721
0.5499999999999999,0.5,0.28520947040275274
0.5499999999999999,0.5333333333333333,0.253229310374619
0.5499999999999999,0.5666666666666667,0.2586100610759833
0.5499999999999999,0.6,0.269378403317635
0.5499999999999999,0.6333333333333333,0.28465736504708256
0.5499999999999999,0.6666666666666666,0.303701095809625
0.5499999999999999,0.7,0.32941435284193016
0.5499999999999999,0.7333333333333333,0.3950014338788514
0.5499999999999999,0.7666666666666666,0.4957292134086276
0.5499999999999999,0.8,0.6175140623319744
0.6,0.0,7.419918012159176
0.6,0.03333333333333333,7.381308698321069
0.6,0.06666666666666667,7.340415363159494
0.6,0.1,7.282984595703531
0.6,0.13333333333333333,7.1794307249606035
0.6,0.16666666666666666,7.013706443588498
0.6,0.2,6.767291509052366
0.6,0.23333333333333334,6.4206851919601595
0.6,0.26666666666666666,5.812934344251904
0.6,0.3,3.9722513221480935
0.6,0.3333333333333333,2.2799624630219606
0.6,0.36666666666666664,1.171012145986758
0.6,0.4,0.5939445566210746
0.6,0.43333333333333335,0.348889213790771
0.6,0.4666666666666667,0.25723217468098
0.6,0.5,0.2550782141078874
0.6,0.5333333333333333,0.2631565563919121
0.6,0.5666666666666667,0.2761851811162684
0.6,0.6,0.29335233974602687
0.6,0.6333333333333333,0.3140471398783117
0.6,0.6666666666666666,0.35537053483533404
0.6,0.7,0.439839534489844
0.6,0.7333333333333333,0.5521418760206586
0.6,0.7666666666666666,0.680245736834636
0.6,0.8,0.8157332655906004
0.6499999999999999,0.0,7.362008922762503
0.6499999999999999,0.03333333333333333,7.317709101237185
0.6499999999999999,0.06666666666666667,7.240069217671243
0.6499999999999999,0.1,7.108901208856073
0.6499999999999999,0.13333333333333333,6.906958832946089
0.6499999999999999,0.16666666666666666,6.614935311336059
0.6499999999999999,0.2,6.207596744314376
0.6499999999999999,0.23333333333333334,5.0653291119861965
0.6499999999999999,0.26666666666666666,3.0807611720557033
0.6499999999999999,0.3,1.680046434418942
0.6499999999999999,0.3333333333333333,0.830878557473019
0.6499999999999999,0.36666666666666664,0.45356850865389375
0.6499999999999999,0.4,0.2890024641346491
0.6499999999999999,0.43333333333333335,0.2531482790687443
0.6499999999999999,0.4666666666666667,0.2582775168496177
0.6499999999999999,0.5,0.26883543947411687
0.6499999999999999,0.5333333333333333,0.28393873667930425
0.6499999999999999,0.5666666666666667,0.30283623759095774
0.6499999999999999,0.6,0.32769338926683655
0.6499999999999999,0.6333333333333333,0.39142907178129155
0.6499999999999999,0.6666666666666666,0.4909982059850593
0.6499999999999999,0.7,0.6121279084761772
0.6499999999999999,0.7333333333333333,0.7446325142003788
0.6499999999999999,0.7666666666666666,0.8815051049298526
0.6499999999999999,0.8,1.0180868693787357
0.7,0.0,7.28622710930212
0.7,0.03333333333333333,7.184919841138876
0.7,0.06666666666666667,7.022168639136869
0.7,0.1,6.779542422628536
0.7,0.13333333333333333,6.437523261081905
0.7,0.16666666666666666,5.855958368282544
0.7,0.2,4.057883627219723
0.7,0.23333333333333334,2.3387516620346465
0.7,0.26666666666666666,1.2066398013056827
0.7,0.3,0.6086138811604447
0.7,0.3333333333333333,0.3557155058673563
0.7,0.36666666666666664,0.2586330606387658
0.7,0.4,0.25487121803266044
0.7,0.43333333333333335,0.2627185693700902
0.7,0.4666666666666667,0.275554131553276
0.7,0.5,0.29256032167607243
0.7,0.5333333333333333,0.3130913323623496
0.7,0.5666666666666667,0.3526630506129568
0.7,0.6,0.435638133205894
0.7,0.6333333333333333,0.5470444426088862
0.7,0.6666666666666666,0.6746781546304884
0.7,0.7,0.8099880412870485
0.7,0.7333333333333333,0.9471865187145949
0.7,0.7666666666666666,1.0824910526323652
0.7,0.8,1.2135321865828186
0.75,0.0,7.1157166875717754
0.75,0.03333333333333333,6.917131489642715
0.75,0.06666666666666667,6.6292913447929545
0.75,0.1,6.229625154915732
0.75,0.13333333333333333,5.152155962840194
0.75,0.16666666666666666,3.152721761754268
0.75,0.2,1.7275725597432712
0.75,0.23333333333333334,0.8559360499075797
0.75,0.26666666666666666,0.4640601424396101
0.75,0.3,0.2930214104928849
0.75,0.3333333333333333,0.25307901976647035
0.75,0.36666666666666664,0.2579548032902322
0.75,0.4,0.2683006778637443
0.75,0.43333333333333335,0.2832269391865223
0.75,0.4666666666666667,0.30197705226468213
0.75,0.5,0.3260683834008308
0.75,0.5333333333333333,0.38791898830488014
0.75,0.5666666666666667,0.4863044339490063
0.75,0.6,0.6067611840579379
0.75,0.6333333333333333,0.7389501016302962
0.75,0.6666666666666666,0.8757484322243227
0.75,0.7,1.0124134709127357
0.75,0.7333333333333333,1.1459034021376588
0.75,0.7666666666666666,1.274361854968797
0.75,0.8,1.3967422564067753
0.7999999999999999,0.0,6.791617267997324
0.7999999999999999,0.03333333333333333,6.454154406389605
0.7999999999999999,0.06666666666666667,5.896492925133062
0.7999999999999999,0.1,4.144705878916866
0.7999999999999999,0.13333333333333333,2.3985420576899594
0.7999999999999999,0.16666666666666666,1.2432123453718904
0.7999999999999999,0.2,0.623698193832439
0.7999999999999999,0.23333333333333334,0.36281076098788734
0.7999999999999999,0.26666666666666666,0.26023122273060173
0.7999999999999999,0.3,0.25467502217499327
0.7999999999999999,0.3333333333333333,0.2622895985103736
0.7999999999999999,0.36666666666666664,0.27493059875453085
0.7999999999999999,0.4,0.2917745556774696
0.7999999999999999,0.43333333333333335,0.3121477642697579
0.7999999999999999,0.4666666666666667,0.3500342562240884
0.7999999999999999,0.5,0.4314860098600739
0.7999999999999999,0.5333333333333333,0.5419749140381349
0.7999999999999999,0.5666666666666667,0.6691235518581068
0.7999999999999999,0.6,0.8042457257756783
0.7999999999999999,0.6333333333333333,0.9414541839276075
0.7999999999999999,0.6666666666666666,1.0768952728047632
0.7999999999999999,0.7,1.2081500281587645
0.7999999999999999,0.7333333333333333,1.333789447652169
0.7999999999999999,0.7666666666666666,1.453054819194632
0.7999999999999999,0.8,1.5656328015559127
0.8499999999999999,0.0,6.250618467126378
0.8499999999999999,0.03333333333333333,5.237940234099883
0.8499999999999999,0.06666666666666667,3.2258874704974616
0.8499999999999999,0.1,1.7760750526298348
0.8499999999999999,0.13333333333333333,0.881905995458239
0.8499999999999999,0.16666666666666666,0.4748827126489167
0.8499999999999999,0.2,0.29726925913207736
0.8499999999999999,0.23333333333333334,0.2530216251971716
0.8499999999999999,0.26666666666666666,0.2576419972426863
0.8499999999999999,0.3,0.2677741826960027
0.8499999999999999,0.3333333333333333,0.28252202651408626
0.8499999999999999,0.36666666666666664,0.30112358298162917
0.8499999999999999,0.4,0.32454094995559885
0.8499999999999999,0.43333333333333335,0.3844724166966578
0.8499999999999999,0.4666666666666667,0.4816487916528275
0.8499999999999999,0.5,0.6014145125806485
0.8499999999999999,0.5333333333333333,0.7332753283659378
0.8499999999999999,0.5666666666666667,0.8699911586151794
0.8499999999999999,0.6,1.006734204869934
0.8499999999999999,0.6333333333333333,1.1404026990323075
0.8499999999999999,0.6666666666666666,1.2690989472623548
0.8499999999999999,0.7,1.3917484253667527
0.8499999999999999,0.7333333333333333,1.5078290555232252
0.8499999999999999,0.7666666666666666,1.617182201298184
0.8499999999999999,0.8,1.7198824218407094
0.8999999999999999,0.0,4.232648742577037
0.8999999999999999,0.03333333333333333,2.459335609245177
0.8999999999999999,0.06666666666666667,1.2807324638398452
0.8999999999999999,0.1,0.6394512671510498
0.8999999999999999,0.13333333333333333,0.3701791607510732
0.8999999999999999,0.16666666666666666,0.2620288587947994
0.8999999999999999,0.2,0.25448971120753355
0.8999999999999999,0.23333333333333334,0.26186971428593847
0.8999999999999999,0.26666666666666666,0.274314641790325
0.8999999999999999,0.3,0.2909950914694571
0.8999999999999999,0.3333333333333333,0.31121653543569644
0.8999999999999999,0.36666666666666664,0.3474855816660047
0.8999999999999999,0.4,0.4273842276276032
0.8999999999999999,0.43333333333333335,0.5369340460964194
0.8999999999999999,0.4666666666666667,0.6635824467108387
0.8999999999999999,0.5,0.7985066625070065
0.8999999999999999,0.5333333333333333,0.9357184164060399
0.8999999999999999,0.5666666666666667,1.0712918804250067
0.8999999999999999,0.6,1.202757802192604
0.8999999999999999,0.6333333333333333,1.3286528353197944
0.8999999999999999,0.6666666666666666,1.4481952417431412
0.8999999999999999,0.7,1.5610565485988275
0.8999999999999999,0.7333333333333333,1.6672031917608658
0.8999999999999999,0.7666666666666666,1.7667879632494368
0.8999999999999999,0.8,1.8600763481881546
0.95,0.0,1.8255562480787242
0.95,0.03333333333333333,0.9087913480310256
0.95,0.06666666666666667,0.4860423528775008
0.95,0.1,0.301749040471791
0.95,0.13333333333333333,0.2529761889661781
0.95,0.16666666666666666,0.25733917618692975
0.95,0.2,0.2672560186820833
0.95,0.23333333333333334,0.28182405305022173
0.95,0.26666666666666666,0.30027587805136013
0.95,0.3,0.3231127197348812
0.95,0.3333333333333333,0.3810906057059871
0.95,0.36666666666666664,0.4770321863810298
0.95,0.4,0.5960885275156161
0.95,0.43333333333333335,0.72760862177776
0.95,0.4666666666666667,0.864233562511448
0.95,0.5,1.0010492449847348
0.95,0.5333333333333333,1.1348930309238248
0.95,0.5666666666666667,1.263825236231304
0.95,0.6,1.3867429123709663
0.95,0.6333333333333333,1.503105098945776
0.95,0.6666666666666666,1.6127408886551442
0.95,0.7,1.7157170988462607
0.95,0.7333333333333333,1.8122480068044995
0.95,0.7666666666666666,1.9026343914862216
0.95,0.8,1.9872228176154003
1.0,0.0,0.6560847943185805
1.0,0.03333333333333333,0.3778250123640912
1.0,0.06666666666666667,0.2640282220130323
1.0,0.1,0.2543153705276105
1.0,0.13333333333333333,0.2614589877107124
1.0,0.16666666666666666,0.27370632017096075
1.0,0.2,0.29022197915488357
1.0,0.23333333333333334,0.31029774609947025
1.0,0.26666666666666666,0.34501847315262424
1.0,0.3,0.42333386407919454
1.0,0.3333333333333333,0.5319226060703446
1.0,0.36666666666666664,0.6580553660159448
1.0,0.4,0.7927712011633847
1.0,0.43333333333333335,0.9299794396555752
1.0,0.4666666666666667,1.0656810112923718
1.0,0.5,1.1973555847075201
1.0,0.5333333333333333,1.3235049020089429
1.0,0.5666666666666667,1.4433238004562579
1.0,0.6,1.5564683995091606
1.0,0.6333333333333333,1.662895250409571
1.0,0.6666666666666666,1.7627510253829342
1.0,0.7,1.856297630528712
1.0,0.7333333333333333,1.9438618872420181
1.0,0.7666666666666666,2.0258021287476056
1.0,0.8,2.1024863767306243
1.0499999999999998,0.0,0.30646386852005825
1.0499999999999998,0.03333333333333333,0.252942805498783
1.0499999999999998,0.06666666666666667,0.2570464182540647
1.0499999999999998,0.1,0.2667462510414543
1.0499999999999998,0.13333333333333333,0.2811330735476389
1.0499999999999998,0.16666666666666666,0.29943398293889695
1.0499999999999998,0.2,0.32178533952941957
1.0499999999999998,0.23333333333333334,0.37777481966555904
1.0499999999999998,0.26666666666666666,0.4724555384739425
1.0499999999999998,0.3,0.5907838724225453
1.0499999999999998,0.3333333333333333,0.7219504166533125
1.0499999999999998,0.36666666666666664,0.8584759275973798
1.0499999999999998,0.4,0.995358768654062
1.0499999999999998,0.43333333333333335,1.1293745020484658
1.0499999999999998,0.4666666666666667,1.2585407766858565
1.0499999999999998,0.5,1.3817257394627616
1.0499999999999998,0.5333333333333333,1.4983692125556383
1.0499999999999998,0.5666666666666667,1.6082877872865582
1.0499999999999998,0.6,1.711540382178201
1.0499999999999998,0.6333333333333333,1.808336498141543
1.0499999999999998,0.6666666666666666,1.898974234335682
1.0499999999999998,0.7,1.983798866342609
1.0499999999999998,0.7333333333333333,2.0631755409623334
1.0499999999999998,0.7666666666666666,2.1374716115632406
1.0499999999999998,0.8,2.207045523297863
1.0999999999999999,0.0,0.25415208627961555
1.0999999999999999,0.03333333333333333,0.26105749039830267
1.0999999999999999,0.06666666666666667,0.27310569382858846
1.0999999999999999,0.1,0.2894552691728854
1.0999999999999999,0.13333333333333333,0.3093912085212205
1.0999999999999999,0.16666666666666666,0.34263439311443455
1.0999999999999999,0.2,0.4193360112903878
1.0999999999999999,0.23333333333333334,0.5269413728838988
1.0999999999999999,0.26666666666666666,0.6525428453535919
1.0999999999999999,0.3,0.787039697749113
1.0999999999999999,0.3333333333333333,0.9242374816229606
1.0999999999999999,0.36666666666666664,1.060062804259816
1.0999999999999999,0.4,1.1919434537877116
1.0999999999999999,0.43333333333333335,1.3183456851106412
1.0999999999999999,0.4666666666666667,1.438440506017107
1.0999999999999999,0.5,1.5518683478825144
1.0999999999999999,0.5333333333333333,1.658575685287538
1.0999999999999999,0.5666666666666667,1.7587029404744596
1.0999999999999999,0.6,1.8525083531646116
1.0999999999999999,0.6333333333333333,1.940316803618436
1.0999999999999999,0.6666666666666666,2.022485820175468
1.0999999999999999,0.7,2.0993833538379123
1.0999999999999999,0.7333333333333333,2.171373569288699
1.0999999999999999,0.7666666666666666,2.2388080675511963
1.0999999999999999,0.8,2.3020207635867664
1.15,0.0,0.2662449455039431
1.15,0.03333333333333333,0.28044914319023106
1.15,0.06666666666666667,0.29859794383734806
1.15,0.1,0.3205604721493335
1.15,0.13333333333333333,0.3745263385657014
1.15,0.16666666666666666,0.46791978145072266
1.15,0.2,0.5855012010712645
1.15,0.23333333333333334,0.7163011552995839
1.15,0.26666666666666666,0.8527185429113786
1.15,0.3,0.9896629569955345
1.15,0.3333333333333333,1.1238472191776994
1.15,0.36666666666666664,1.253245625132239
1.15,0.4,1.376696929797343
1.15,0.43333333333333335,1.493621397864156
1.15,0.4666666666666667,1.603822885071752
1.15,0.5,1.7073522515116557
1.15,0.5333333333333333,1.8044141140342023
1.15,0.5666666666666667,1.895303820145744
1.15,0.6,1.9803653090050264
1.15,0.6333333333333333,2.0599633153685977
1.15,0.6666666666666666,2.1344653707021473
1.15,0.7,2.2042304620486997
1.15,0.7333333333333333,2.269602187720431
1.15,0.7666666666666666,2.3309049286296095
1.15,0.8,2.3884420175204526
1.2,0.0,0.28869501240665324
1.2,0.03333333333333333,0.3084917331435878
1.2,0.06666666666666667,0.3403348202297263
1.2,0.1,0.4153917759487518
1.2,0.13333333333333333,0.5219911372072407
1.2,0.16666666666666666,0.6470454291660722
1.2,0.2,0.781312514681265
1.2,0.23333333333333334,0.9184927747644317
1.2,0.26666666666666666,1.0544374012834608
1.2,0.3,1.1865214896133538
1.2,0.3333333333333333,1.3131752234049796
1.2,0.36666666666666664,1.4335453700092955
1.2,0.4,1.5472563878807437
1.2,0.43333333333333335,1.6542444797918567
1.2,0.4666666666666667,1.7546436856443854
1.2,0.5,1.8487084899323176
1.2,0.5333333333333333,1.9367617728617814
1.2,0.5666666666666667,2.0191602194424334
1.2,0.6,2.096271685484467
1.2,0.6333333333333333,2.168460711096479
1.2,0.6666666666666666,2.2360795559801194
1.2,0.7,2.2994629515136493
1.2,0.7333333333333333,2.3589253338020253
1.2,0.7666666666666666,2.4147597092415958
1.2,0.8,2.467237576449218
1.25,0.0,0.3194397962522254
1.25,0.03333333333333333,0.37134645813064504
1.25,0.06666666666666667,0.4634258621317048
1.25,0.1,0.5802411775641236
1.25,0.13333333333333333,0.7106612876460308
1.25,0.16666666666666666,0.8469617029258301
1.25,0.2,0.983961994906284
1.25,0.23333333333333334,1.1183112916602798
1.25,0.26666666666666666,1.2479398398021742
1.25,0.3,1.371656507662337
1.25,0.3333333333333333,1.4888616571071895
1.25,0.36666666666666664,1.599346170336718
1.25,0.4,1.7031526867815363
1.25,0.43333333333333335,1.8004808297281238
1.25,0.4666666666666667,1.8916231219256265
1.25,0.5,1.976922117974289
1.25,0.5333333333333333,2.056742109491461
1.25,0.5666666666666667,2.131450786512561
1.25,0.6,2.201407666249008
1.25,0.6333333333333333,2.2669570939555532
1.25,0.6666666666666666,2.328424311051493
1.25,0.7,2.3861135564286604
1.25,0.7333333333333333,2.440307497491584
1.25,0.7666666666666666,2.4912675097309878
1.25,0.8,2.539234478974391
1.2999999999999998,0.0,0.41150227945959816
1.2999999999999998,0.03333333333333333,0.5170727015936621
1.2999999999999998,0.06666666666666667,0.6415636708732338
1.2999999999999998,0.1,0.7755900208819326
1.2999999999999998,0.13333333333333333,0.9127455561152529
1.2999999999999998,0.16666666666666666,1.0488049474730785
1.2999999999999998,0.2,1.1810897744962516
1.2999999999999998,0.23333333333333334,1.3079935570863461
1.2999999999999998,0.26666666666666666,1.4286384049341463
1.2999999999999998,0.3,1.5426325142436879
1.2999999999999998,0.3333333333333333,1.6499016176671402
1.2999999999999998,0.36666666666666664,1.750573238206663
1.2999999999999998,0.4,1.8448980147597172
1.2999999999999998,0.43333333333333335,1.9331967675168795
1.2999999999999998,0.4666666666666667,2.0158252990027457
1.2999999999999998,0.5,2.0931513448440233
1.2999999999999998,0.5333333333333333,2.1655398051733683
1.2999999999999998,0.5666666666666667,2.233343589416652
1.2999999999999998,0.6,2.2968982407108145
1.2999999999999998,0.6333333333333333,2.356519084329614
1.2999999999999998,0.6666666666666666,2.4125000380108386
1.2999999999999998,0.7,2.465113498676369
1.2999999999999998,0.7333333333333333,2.5146109056513697
1.2999999999999998,0.7666666666666666,2.5612237103541395
1.2999999999999998,0.8,2.60516457104987
1.3499999999999999,0.0,0.5750044764137251
1.3499999999999999,0.03333333333333333,0.7050312713486142
1.3499999999999999,0.06666666666666667,0.8412057076280024
1.3499999999999999,0.1,0.9782560711228299
1.3499999999999999,0.13333333333333333,1.1127668314650656
1.3499999999999999,0.16666666666666666,1.2426234806828798
1.3499999999999999,0.2,1.36660449849823
1.3499999999999999,0.23333333333333334,1.484089993259061
1.3499999999999999,0.26666666666666666,1.5948576318638854
1.3499999999999999,0.3,1.6989416681886709
1.3499999999999999,0.3333333333333333,1.796536620608098
1.3499999999999999,0.36666666666666664,1.887932112740353
1.3499999999999999,0.4,1.9734692656241788
1.3499999999999999,0.43333333333333335,2.053511896051501
1.3499999999999999,0.4666666666666667,2.1284278326999737
1.3499999999999999,0.5,2.198577110959263
1.3499999999999999,0.5333333333333333,2.2643048163509607
1.3499999999999999,0.5666666666666667,2.325937047647302
1.3499999999999999,0.6,2.3837789490281214
1.3499999999999999,0.6333333333333333,2.4381140964447003
1.3499999999999999,0.6666666666666666,2.489204749150036
1.3499999999999999,0.7,2.537292635152706
1.3499999999999999,0.7333333333333333,2.5826000471158874
1.3499999999999999,0.7666666666666666,2.6253310993466124
1.3499999999999999,0.8,2.665673047394003
1.4,0.0,0.7698725918708993
1.4,0.03333333333333333,0.9069960673596834
1.4,0.06666666666666667,1.0431655911429496
1.4,0.1,1.1756483929160284
1.4,0.13333333333333333,1.3028007277882327
1.4,0.16666666666666666,1.4237196242276322
1.4,0.2,1.5379967223007192
1.4,0.23333333333333334,1.6455470830139036
1.4,0.26666666666666666,1.7464915756739976
1.4,0.3,1.841076901669508
1.4,0.3333333333333333,1.9296217601557553
1.4,0.36666666666666664,2.012481031294653
1.4,0.4,2.09002230504812
1.4,0.43333333333333335,2.1626108258402525
1.4,0.4666666666666667,2.230600143646046
1.4,0.5,2.2943266085564353
1.4,0.5333333333333333,2.3541064330842225
1.4,0.5666666666666667,2.4102344462344347
1.4,0.6,2.462983944321778
1.4,0.6333333333333333,2.512607232087947
1.4,0.6666666666666666,2.559336579592085
1.4,0.7,2.6033854103767955
1.4,0.7333333333333333,2.64494959832188
1.4,0.7666666666666666,2.684208793041993
1.4,0.8,2.721327722714781
1.45,0.0,0.972545378281096
1.45,0.03333333333333333,1.1072139532243015
1.45,0.06666666666666667,1.2372966095475644
1.45,0.1,1.3615409289197542
1.45,0.13333333333333333,1.4793064100470286
1.45,0.16666666666666666,1.5903572589016144
1.45,0.2,1.6947191762065785
1.45,0.23333333333333334,1.7925814622024507
1.45,0.26666666666666666,1.8842307657137574
1.45,0.3,1.9700067243325834
1.45,0.3333333333333333,2.0502726477388844
1.45,0.36666666666666664,2.125396482919123
1.45,0.4,2.19573877117739
1.45,0.43333333333333335,2.261645331445421
1.45,0.4666666666666667,2.3234431165740674
1.45,0.5,2.3814381750943068
1.45,0.5333333333333333,2.435914992057842
1.45,0.5666666666666667,2.4871367119475636
1.45,0.6,2.5353459069489777
1.45,0.6333333333333333,2.5807656633429206
1.45,0.6666666666666666,2.623600834085294
1.45,0.7,2.66403935732309
1.45,0.7333333333333333,2.702253575992854
1.45,0.7666666666666666,2.7384015178079424
1.45,0.8,2.7726281113396416
1.5,0.0,1.1701974315594017
1.5,0.03333333333333333,1.2975967786088731
1.5,0.06666666666666667,1.418789042278229
1.5,0.1,1.5333490079827854
1.5,0.13333333333333333,1.6411808602963696
1.5,0.16666666666666666,1.7423986757633112
1.5,0.2,1.8372451247829376
1.5,0.23333333333333334,1.926036723379843
1.5,0.26666666666666666,2.00912738874195
1.5,0.3,2.0868845391866957
1.5,0.3333333333333333,2.1596737473607
1.5,0.36666666666666664,2.2278491943880536
1.5,0.4,2.291748032359973
1.5,0.43333333333333335,2.351687359001412
1.5,0.4666666666666667,2.4079629144483348
1.5,0.5,2.460848895458544
1.5,0.5333333333333333,2.510598473950342
1.5,0.5666666666666667,2.557444740774118
1.5,0.6,2.601601887079509
1.5,0.6333333333333333,2.6432664985342726
1.5,0.6666666666666666,2.6826188807793994
1.5,0.7,2.719824363997179
1.5,0.7333333333333333,2.7550345545578536
1.5,0.7666666666666666,2.7883885152890695
1.5,0.8,2.820013865018476
