design,singular_value_rank,singular_value
CONV only,1,1.5369703688616443
CONV only,2,0.7985705061585154
CONV only,3,0.00268922573120651
CONV + FLASH pre-breakpoint,1,1.5578656056798452
CONV + FLASH pre-breakpoint,2,1.0078738906155973
CONV + FLASH pre-breakpoint,3,0.7464836669982187
CONV + FLASH pre-breakpoint,4,0.0026664883350104524
CONV + FLASH post-breakpoint,1,1.6043303377337363
CONV + FLASH post-breakpoint,2,0.9853558154233344
CONV + FLASH post-breakpoint,3,0.6733524818671832
CONV + FLASH post-breakpoint,4,0.04236177052338311
CONV + FLASH + anoxic reference,1,1.5960113136805378
CONV + FLASH + anoxic reference,2,0.9854110708874784
CONV + FLASH + anoxic reference,3,0.674144221143484
CONV + FLASH + anoxic reference,4,0.16505295233640105
