condition,dose_Gy,SF,graphical_error_SF
norm-CONV,3.05,0.505,0.2
norm-CONV,6.70,0.09,0.07
norm-CONV,9.82,0.0132,0.007
norm-CONV,12.78,0.0022,0.00205
norm-CONV,14.98,0.00048,0.000313
norm-FLASH,0.62,0.91,
norm-FLASH,3.50,0.43,
norm-FLASH,6.64,0.11,0.04
norm-FLASH,9.39,0.028,0.017
norm-FLASH,13.07,0.0029,0.0021
norm-FLASH,15.43,0.000505,0.00048
hyp-CONV,6.67,0.167,0.14
hyp-CONV,9.62,0.058,0.03
hyp-CONV,12.89,0.0179,0.015
hyp-CONV,15.23,0.006,0.004
hyp-CONV,17.93,0.000896,0.0004
hyp-CONV,21.20,0.000193,0.000128
hyp-FLASH,0.60,1.0,0.2
hyp-FLASH,3.55,0.573,0.28
hyp-FLASH,6.17,0.224,0.155
hyp-FLASH,9.55,0.098,0.08
hyp-FLASH,12.94,0.02,0.0127
hyp-FLASH,15.34,0.00838,0.006
hyp-FLASH,18.01,0.00342,0.0019
hyp-FLASH,21.34,0.00051,0.0003
hyp-FLASH,25.00,0.000157,0.000075
